# --- !Ups

CREATE SCHEMA IF NOT EXISTS MUSIT_MAPPING;

CREATE SCHEMA IF NOT EXISTS MUSARK_STORAGE;

CREATE TABLE MUSARK_STORAGE.LOCAL_OBJECT (
--  object_id           NUMBER(20) NOT NULL,
  object_uuid         VARCHAR2(36) NOT NULL,
  latest_move_id      NUMBER(20),
  current_location_id INTEGER,
  museum_id           INTEGER    NOT NULL,
  object_type         varchar(25) NOT NULL,
  PRIMARY KEY (object_uuid)
);

CREATE TABLE MUSARK_STORAGE.STORAGE_NODE (
  storage_node_id   NUMBER(20) GENERATED BY DEFAULT AS IDENTITY,
  storage_node_uuid VARCHAR2(36)             NOT NULL,
  storage_node_name VARCHAR(512),
  area              NUMBER,
  area_to           NUMBER,
  is_storage_unit   VARCHAR(1)   DEFAULT '1',
  is_part_of        NUMBER(20),
  height            NUMBER,
  height_to         NUMBER,
  node_path         VARCHAR(1000)            NOT NULL,
  is_deleted        INTEGER DEFAULT 0        NOT NULL,
  storage_type      VARCHAR(100) DEFAULT 'StorageUnit',
  group_read        VARCHAR(4000),
  group_write       VARCHAR(4000),
  old_barcode       NUMBER(20),
  museum_id         INTEGER                  NOT NULL,
  updated_by        VARCHAR2(36)             NOT NULL,
  updated_date      TIMESTAMP WITH TIMEZONE  NOT NULL, -- When the change was received by the system
  PRIMARY KEY (storage_node_id)
);

-- For test purposes, we need to treat MUSITTHING as a VIEW. This is so we can
-- simulate the same access path for queries on objects as we have on our UTV,
-- TEST and PROD environments.
CREATE TABLE MUSIT_MAPPING.MUSITTHING (
  object_id         NUMBER(20) GENERATED BY DEFAULT AS IDENTITY,
  musitthing_uuid   VARCHAR2(36),
  museumNo          VARCHAR(100) NOT NULL,
  subNo             VARCHAR(100),
  term              VARCHAR(256) NOT NULL,
  museumId          INTEGER      NOT NULL,
  museumNoAsNumber  INTEGER,
  subNoAsNumber     INTEGER,
  mainobject_id     NUMBER(20),
  is_deleted        INTEGER DEFAULT 0 NOT NULL,
  old_schemaname    VARCHAR(500),
  lokal_pk          NUMBER(20),
  old_barcode       NUMBER(20),
  new_collection_id INTEGER,
  PRIMARY KEY (object_id)
);

INSERT INTO MUSARK_STORAGE.STORAGE_NODE (STORAGE_NODE_UUID, STORAGE_NODE_NAME, IS_PART_OF, STORAGE_TYPE, NODE_PATH, MUSEUM_ID, UPDATED_BY, UPDATED_DATE) VALUES ('dca44956-40d0-48dc-bd0d-921b825ad019', 'Utviklingsmuseet'    , NULL, 'Root'        , ',1,'      , 99, '896125d3-0563-46b6-a7c5-51f3f899ff0a', TO_DATE('2016-01-01 00:00:00', 'YYYY-MM-DD HH24:MI:SS'));
INSERT INTO MUSARK_STORAGE.STORAGE_NODE (STORAGE_NODE_UUID, STORAGE_NODE_NAME, IS_PART_OF, STORAGE_TYPE, NODE_PATH, MUSEUM_ID, UPDATED_BY, UPDATED_DATE) VALUES ('b56b654a-6de3-442f-97af-ca6d806cc5a6', 'Utenfor museet'      , NULL, 'RootLoan'    , ',2,'      , 99, '896125d3-0563-46b6-a7c5-51f3f899ff0a', TO_DATE('2016-01-01 00:00:00', 'YYYY-MM-DD HH24:MI:SS'));
INSERT INTO MUSARK_STORAGE.STORAGE_NODE (STORAGE_NODE_UUID, STORAGE_NODE_NAME, IS_PART_OF, STORAGE_TYPE, NODE_PATH, MUSEUM_ID, UPDATED_BY, UPDATED_DATE) VALUES ('d3982b48-56c7-4d27-bc81-6e38b59d57ed', 'Utviklingsmuseet Org', 1   , 'Organisation', ',1,3,'    , 99, 'd63ab290-2fab-42d2-9b57-2475dfbd0b3c', TO_DATE('2016-01-01 00:00:00', 'YYYY-MM-DD HH24:MI:SS'));
INSERT INTO MUSARK_STORAGE.STORAGE_NODE (STORAGE_NODE_UUID, STORAGE_NODE_NAME, IS_PART_OF, STORAGE_TYPE, NODE_PATH, MUSEUM_ID, UPDATED_BY, UPDATED_DATE) VALUES ('3562e09e-6cf4-4b27-acad-e655e771c016', 'Forskningens hus'    , 3   , 'Building'    , ',1,3,4,'  , 99, 'd63ab290-2fab-42d2-9b57-2475dfbd0b3c', TO_DATE('2016-01-01 00:00:00', 'YYYY-MM-DD HH24:MI:SS'));
INSERT INTO MUSARK_STORAGE.STORAGE_NODE (STORAGE_NODE_UUID, STORAGE_NODE_NAME, IS_PART_OF, STORAGE_TYPE, NODE_PATH, MUSEUM_ID, UPDATED_BY, UPDATED_DATE) VALUES ('01134afe-b262-434b-a71f-8f697bc75e56', 'Kulturværelset'      , 4   , 'Room'        , ',1,3,4,5,', 99, 'd63ab290-2fab-42d2-9b57-2475dfbd0b3c', TO_DATE('2016-01-01 00:00:00', 'YYYY-MM-DD HH24:MI:SS'));
INSERT INTO MUSARK_STORAGE.STORAGE_NODE (STORAGE_NODE_UUID, STORAGE_NODE_NAME, IS_PART_OF, STORAGE_TYPE, NODE_PATH, MUSEUM_ID, UPDATED_BY, UPDATED_DATE) VALUES ('244f09a3-eb1a-49e7-80ee-7a07baa016dd', 'Naturværelset'       , 4   , 'Room'        , ',1,3,4,6,', 99, 'd63ab290-2fab-42d2-9b57-2475dfbd0b3c', TO_DATE('2016-01-01 00:00:00', 'YYYY-MM-DD HH24:MI:SS'));
INSERT INTO MUSARK_STORAGE.STORAGE_NODE (STORAGE_NODE_UUID, STORAGE_NODE_NAME, IS_PART_OF, STORAGE_TYPE, NODE_PATH, MUSEUM_ID, UPDATED_BY, UPDATED_DATE) VALUES ('6e5b9810-9bbf-464a-a0b9-c27f6095ba0c', 'Forskningsværelset'  , 4   , 'Room'        , ',1,3,4,7,', 99, 'd63ab290-2fab-42d2-9b57-2475dfbd0b3c', TO_DATE('2016-01-01 00:00:00', 'YYYY-MM-DD HH24:MI:SS'));
INSERT INTO MUSARK_STORAGE.STORAGE_NODE (STORAGE_NODE_UUID, STORAGE_NODE_NAME, IS_PART_OF, STORAGE_TYPE, NODE_PATH, MUSEUM_ID, UPDATED_BY, UPDATED_DATE) VALUES ('45b37f3f-a007-4372-97c2-2e58b237fb8e', 'British museum'      , 2   , 'Organisation', ',2,8'     , 99, 'd63ab290-2fab-42d2-9b57-2475dfbd0b3c', TO_DATE('2016-01-01 00:00:00', 'YYYY-MM-DD HH24:MI:SS'));
INSERT INTO MUSARK_STORAGE.STORAGE_NODE (STORAGE_NODE_UUID, STORAGE_NODE_NAME, IS_PART_OF, STORAGE_TYPE, NODE_PATH, MUSEUM_ID, UPDATED_BY, UPDATED_DATE) VALUES ('82a48fa0-83b0-463e-960b-af668d64def2', 'The Louvre'          , 2   , 'Organisation', ',2,9'     , 99, 'd63ab290-2fab-42d2-9b57-2475dfbd0b3c', TO_DATE('2016-01-01 00:00:00', 'YYYY-MM-DD HH24:MI:SS'));
INSERT INTO MUSARK_STORAGE.STORAGE_NODE (STORAGE_NODE_UUID, STORAGE_NODE_NAME, IS_PART_OF, STORAGE_TYPE, NODE_PATH, MUSEUM_ID, UPDATED_BY, UPDATED_DATE) VALUES ('02accb0d-71f6-498e-9207-c3309f39ee8d', 'Death Star gallery'  , 2   , 'Organisation', ',2,10'    , 99, 'd63ab290-2fab-42d2-9b57-2475dfbd0b3c', TO_DATE('2016-01-01 00:00:00', 'YYYY-MM-DD HH24:MI:SS'));
INSERT INTO MUSARK_STORAGE.STORAGE_NODE (STORAGE_NODE_UUID, STORAGE_NODE_NAME, IS_PART_OF, STORAGE_TYPE, NODE_PATH, MUSEUM_ID, UPDATED_BY, UPDATED_DATE) VALUES ('4e93e2c8-0cbd-49f2-ab1f-427d5ccddec2', 'Utenfor 2'           , NULL, 'RootLoan'    , ',11,'     , 99, '896125d3-0563-46b6-a7c5-51f3f899ff0a', TO_DATE('2016-01-01 00:00:00', 'YYYY-MM-DD HH24:MI:SS'));
INSERT INTO MUSARK_STORAGE.STORAGE_NODE (STORAGE_NODE_UUID, STORAGE_NODE_NAME, IS_PART_OF, STORAGE_TYPE, NODE_PATH, MUSEUM_ID, UPDATED_BY, UPDATED_DATE) VALUES ('5fef94bc-aa79-4151-b4a2-658e89a949a4', 'FooBar of History'   , 11  , 'Organisation', ',11,12,'  , 99, 'd63ab290-2fab-42d2-9b57-2475dfbd0b3c', TO_DATE('2016-01-01 00:00:00', 'YYYY-MM-DD HH24:MI:SS'));

INSERT INTO MUSIT_MAPPING.MUSITTHING (musitthing_uuid, museumNo, subNo, term, museumId, museumNoAsNumber, old_schemaname, lokal_pk, new_collection_id)                VALUES ('8ed0730c-43c3-45da-a491-2bf5bb810428', 'C666'  , '31' , 'Sverd'      , 99, 666, 'USD_ARK_GJENSTAND_O', 101, 1);
INSERT INTO MUSIT_MAPPING.MUSITTHING (musitthing_uuid, museumNo, subNo, term, museumId, museumNoAsNumber, old_schemaname, lokal_pk, new_collection_id)                VALUES ('7a55dabd-1cb2-4938-b54e-7a7bea62a657', 'C666'  , '38' , 'Sommerfugl' , 99, 666, 'USD_ARK_GJENSTAND_O', 102, 1);
INSERT INTO MUSIT_MAPPING.MUSITTHING (musitthing_uuid, museumNo, subNo, term, museumId, museumNoAsNumber, old_schemaname, lokal_pk, new_collection_id)                VALUES ('a7cafc9e-c7d8-4b4c-b4b9-201bac340383', 'C1'    , '1a' , 'Øks'        , 99, 1  , 'USD_ARK_GJENSTAND_O', 103, 1);
INSERT INTO MUSIT_MAPPING.MUSITTHING (musitthing_uuid, museumNo, subNo, term, museumId, museumNoAsNumber, old_schemaname, lokal_pk, new_collection_id)                VALUES ('d83c5048-1692-48c0-98a1-cd45a7e19bad', 'C1'    , '2a' , 'Skummel øks', 99, 1  , 'USD_ARK_GJENSTAND_O', 104, 1);
INSERT INTO MUSIT_MAPPING.MUSITTHING (musitthing_uuid, museumNo, subNo, term, museumId, museumNoAsNumber, old_schemaname, lokal_pk, new_collection_id)                VALUES ('745ad2cc-1516-4fb1-86fd-f27f346903f9', 'C1'    , '3'  , 'Fin øks'    , 99, 1  , 'USD_ARK_GJENSTAND_O', 105, 1);
INSERT INTO MUSIT_MAPPING.MUSITTHING (musitthing_uuid, museumNo, subNo, term, museumId, museumNoAsNumber, old_schemaname, lokal_pk, new_collection_id)                VALUES ('48406a5f-b0a0-4d19-baad-9d1732afb381', 'C1'    , '4'  , 'Fin øks'    , 99, 1  , 'USD_ARK_GJENSTAND_O', 106, 1);
INSERT INTO MUSIT_MAPPING.MUSITTHING (musitthing_uuid, museumNo, subNo, term, museumId, museumNoAsNumber, old_schemaname, lokal_pk, new_collection_id)                VALUES ('3b206b2c-69b1-4149-8569-2feeda3ccd32', 'C1'    , '5'  , 'Fin øks'    , 99, 1  , 'USD_ARK_GJENSTAND_O', 107, 1);
INSERT INTO MUSIT_MAPPING.MUSITTHING (musitthing_uuid, museumNo, subNo, term, museumId, museumNoAsNumber, old_schemaname, lokal_pk, new_collection_id)                VALUES ('132a2205-fd8d-4ce9-89fd-31d31eddb88a', 'C1'    , '6'  , 'Fin øks'    , 99, 1  , 'USD_ARK_GJENSTAND_O', 108, 1);
INSERT INTO MUSIT_MAPPING.MUSITTHING (musitthing_uuid, museumNo, subNo, term, museumId, museumNoAsNumber, old_schemaname, lokal_pk, new_collection_id)                VALUES ('a1d798fa-8539-47bc-a011-26b0a69717bb', 'C1'    , '7'  , 'Fin øks'    , 99, 1  , 'USD_ARK_GJENSTAND_O', 109, 1);
INSERT INTO MUSIT_MAPPING.MUSITTHING (musitthing_uuid, museumNo, subNo, term, museumId, museumNoAsNumber, old_schemaname, lokal_pk, new_collection_id)                VALUES ('83c9b0d4-5834-4612-87c6-b3cec6572c70', 'C1'    , '8'  , 'Fin øks'    , 99, 1  , 'USD_ARK_GJENSTAND_O', 110, 1);
INSERT INTO MUSIT_MAPPING.MUSITTHING (musitthing_uuid, museumNo, subNo, term, museumId, museumNoAsNumber, old_schemaname, lokal_pk, new_collection_id)                VALUES ('39683930-6239-4aa6-bb1c-0e9e182d43ed', 'C1'    , '9'  , 'Fin øks'    , 99, 1  , 'USD_ARK_GJENSTAND_O', 111, 1);
INSERT INTO MUSIT_MAPPING.MUSITTHING (musitthing_uuid, museumNo, subNo, term, museumId, museumNoAsNumber, old_schemaname, lokal_pk, new_collection_id)                VALUES ('4ef4de2d-772a-4509-95df-09f916496623', 'C1'    , '10a', 'Fin øks'    , 99, 1  , 'USD_ARK_GJENSTAND_O', 112, 1);
INSERT INTO MUSIT_MAPPING.MUSITTHING (musitthing_uuid, museumNo, subNo, term, museumId, museumNoAsNumber, old_schemaname, lokal_pk, new_collection_id)                VALUES ('3f961e79-74d8-4e77-a8c6-194e2f420f2f', 'C1'    , '11' , 'Fin øks'    , 99, 1  , 'USD_ARK_GJENSTAND_O', 113, 1);
INSERT INTO MUSIT_MAPPING.MUSITTHING (musitthing_uuid, museumNo, subNo, term, museumId, museumNoAsNumber, old_schemaname, lokal_pk, new_collection_id)                VALUES ('61757a12-8ead-479d-aa21-effb984c5346', 'C1'    , '12' , 'Fin øks'    , 99, 1  , 'USD_ARK_GJENSTAND_O', 114, 1);
INSERT INTO MUSIT_MAPPING.MUSITTHING (musitthing_uuid, museumNo, subNo, term, museumId, museumNoAsNumber, old_schemaname, lokal_pk, new_collection_id)                VALUES ('5d6846cb-27eb-47d9-8310-add8896cfc51', 'C1'    , '13' , 'Fin øks'    , 99, 1  , 'USD_ARK_GJENSTAND_O', 115, 1);
INSERT INTO MUSIT_MAPPING.MUSITTHING (musitthing_uuid, museumNo, subNo, term, museumId, museumNoAsNumber, old_schemaname, lokal_pk, new_collection_id)                VALUES ('7cbbb543-a4e2-4a75-99c8-abcb0536e813', 'C1'    , '14' , 'Fin øks'    , 99, 1  , 'USD_ARK_GJENSTAND_O', 116, 1);
INSERT INTO MUSIT_MAPPING.MUSITTHING (musitthing_uuid, museumNo, subNo, term, museumId, museumNoAsNumber, old_schemaname, lokal_pk, new_collection_id)                VALUES ('af42bc1f-31cd-4a3d-9c29-8f40ab642b3f', 'C1'    , '15' , 'Fin øks'    , 99, 1  , 'USD_ARK_GJENSTAND_O', 117, 1);
INSERT INTO MUSIT_MAPPING.MUSITTHING (musitthing_uuid, museumNo, subNo, term, museumId, museumNoAsNumber, old_schemaname, lokal_pk, new_collection_id)                VALUES ('6ebbab0b-3c7f-4fc2-a626-c475816fc916', 'C1'    , '16' , 'Fin øks'    , 99, 1  , 'USD_ARK_GJENSTAND_O', 118, 1);
INSERT INTO MUSIT_MAPPING.MUSITTHING (musitthing_uuid, museumNo, subNo, term, museumId, museumNoAsNumber, old_schemaname, lokal_pk, new_collection_id)                VALUES ('750246f9-2c80-4bbe-8494-5f2835ce45ac', 'C1'    , '17' , 'Fin øks'    , 99, 1  , 'USD_ARK_GJENSTAND_O', 119, 1);
INSERT INTO MUSIT_MAPPING.MUSITTHING (musitthing_uuid, museumNo, subNo, term, museumId, museumNoAsNumber, old_schemaname, lokal_pk, new_collection_id, is_deleted)    VALUES ('132df014-e41b-4cc2-acd1-a0b920603298', 'C1'    , '18' , 'Fin øks'    , 99, 1  , 'USD_ARK_GJENSTAND_O', 120, 1, 1);
INSERT INTO MUSIT_MAPPING.MUSITTHING (musitthing_uuid, museumNo, subNo, term, museumId, museumNoAsNumber, old_schemaname, lokal_pk, new_collection_id, is_deleted)    VALUES ('e1cd5db7-8e90-4d7c-8689-b952c8308089', 'C1'    , '19' , 'Fin øks'    , 99, 1  , 'USD_ARK_GJENSTAND_O', 121, 1, 1);
INSERT INTO MUSIT_MAPPING.MUSITTHING (musitthing_uuid, museumNo, subNo, term, museumId, museumNoAsNumber, old_schemaname, lokal_pk, new_collection_id)                VALUES ('bc3b7a7b-9ca4-4e67-ab0f-1472d6e5e81d', 'C1'    , '20b', 'Fin øks'    , 99, 1  , 'USD_ARK_GJENSTAND_O', 122, 1);
INSERT INTO MUSIT_MAPPING.MUSITTHING (musitthing_uuid, museumNo, subNo, term, museumId, museumNoAsNumber, old_schemaname, lokal_pk, new_collection_id)                VALUES ('5769e1a8-0857-44fb-ad32-9db1a5cb8d04', 'C1'    , '22' , 'Fin øks'    , 99, 1  , 'USD_ARK_GJENSTAND_O', 123, 1);
INSERT INTO MUSIT_MAPPING.MUSITTHING (musitthing_uuid, museumNo, subNo, term, museumId, museumNoAsNumber, old_schemaname, lokal_pk, new_collection_id)                VALUES ('a495bfc6-1912-4bbc-8b05-bb5e25be9323', 'C1'    , '21' , 'Fin øks'    , 99, 1  , 'USD_ARK_GJENSTAND_O', 124, 1);
INSERT INTO MUSIT_MAPPING.MUSITTHING (musitthing_uuid, museumNo, subNo, term, museumId, museumNoAsNumber, old_schemaname, lokal_pk, new_collection_id)                VALUES ('e4446cf8-fca3-4116-9c92-3af0a54c6c6f', 'C2'    , ''   , 'Sverd'      , 99, 1  , 'USD_ARK_GJENSTAND_O', 125, 1);
INSERT INTO MUSIT_MAPPING.MUSITTHING (musitthing_uuid, museumNo, subNo, term, museumId, museumNoAsNumber, old_schemaname, lokal_pk, new_collection_id)                VALUES ('41fb14f4-0d52-4b9f-ae61-1a1bccb0bc3e', 'C777'  , '35' , 'Øks'        , 99, 777, 'USD_ARK_GJENSTAND_O', 126, 1);
INSERT INTO MUSIT_MAPPING.MUSITTHING (musitthing_uuid, museumNo, subNo, term, museumId, museumNoAsNumber, old_schemaname, lokal_pk, new_collection_id)                VALUES ('61a3a034-786f-4290-b6dc-badc65249487', 'C.777' , '34B', 'Øks'        , 99, 777, 'USD_ARK_GJENSTAND_O', 127, 1);
INSERT INTO MUSIT_MAPPING.MUSITTHING (musitthing_uuid, museumNo, subNo, term, museumId, museumNoAsNumber, old_schemaname, lokal_pk, new_collection_id)                VALUES ('c3e8db7b-860a-44b4-8eb7-83f521352a9e', 'C.777' , '34' , 'Øks'        , 99, 777, 'USD_ARK_GJENSTAND_O', 128, 1);
INSERT INTO MUSIT_MAPPING.MUSITTHING (musitthing_uuid, museumNo, subNo, term, museumId, museumNoAsNumber, old_schemaname, lokal_pk, new_collection_id)                VALUES ('934bb3f0-e641-4dc5-81c9-b25ab339a8be', 'C.777' , '34A', 'Øks'        , 99, 777, 'USD_ARK_GJENSTAND_O', 129, 1);
INSERT INTO MUSIT_MAPPING.MUSITTHING (musitthing_uuid, museumNo, subNo, term, museumId, museumNoAsNumber, old_schemaname, lokal_pk, new_collection_id)                VALUES ('cd8b820f-4d8a-49a6-a9e7-2327b39ac191', 'C555'  , '34B', 'Øks'        , 99, 555, 'USD_ARK_GJENSTAND_O', 130, 1);
INSERT INTO MUSIT_MAPPING.MUSITTHING (musitthing_uuid, museumNo, subNo, term, museumId, museumNoAsNumber, old_schemaname, lokal_pk, new_collection_id)                VALUES ('7a1a0983-765a-448f-9761-df2f9250cc62', 'C555'  , '34A', 'Øks'        , 99, 555, 'USD_ARK_GJENSTAND_O', 131, 1);
INSERT INTO MUSIT_MAPPING.MUSITTHING (musitthing_uuid, museumNo, subNo, term, museumId, museumNoAsNumber, old_schemaname, lokal_pk, new_collection_id)                VALUES ('c13becfc-8fd7-4fe8-8d5c-cbd4ee04e122', 'C555'  , '34C', 'Øks'        , 99, 555, 'USD_ARK_GJENSTAND_O', 132, 1);
INSERT INTO MUSIT_MAPPING.MUSITTHING (musitthing_uuid, museumNo, subNo, term, museumId, museumNoAsNumber, old_schemaname, lokal_pk, new_collection_id)                VALUES ('25435802-7fae-46ce-b570-ce73818a3363', 'C555A' , 'B'  , 'Øks'        , 99, 555, 'USD_ARK_GJENSTAND_O', 133, 1);
INSERT INTO MUSIT_MAPPING.MUSITTHING (musitthing_uuid, museumNo, subNo, term, museumId, museumNoAsNumber, old_schemaname, lokal_pk, new_collection_id)                VALUES ('8331e21c-1911-48a2-b2ad-7c4c30ffcda4', 'C555B' , 'A'  , 'Øks'        , 99, 555, 'USD_ARK_GJENSTAND_O', 134, 1);
INSERT INTO MUSIT_MAPPING.MUSITTHING (musitthing_uuid, museumNo, subNo, term, museumId, museumNoAsNumber, old_schemaname, lokal_pk, new_collection_id)                VALUES ('c79047d1-7ae2-48c5-a7fa-220baff054e0', 'C555C' , 'C'  , 'Øks'        , 99, 555, 'USD_ARK_GJENSTAND_O', 135, 1);
INSERT INTO MUSIT_MAPPING.MUSITTHING (musitthing_uuid, museumNo, subNo, term, museumId, museumNoAsNumber, old_schemaname, lokal_pk, new_collection_id)                VALUES ('dd1f038d-03a2-44c6-a8ed-31286ff07a1d', 'C888_B', 'B'  , 'Øks'        , 99, 888, 'USD_ARK_GJENSTAND_O', 136, 1);
INSERT INTO MUSIT_MAPPING.MUSITTHING (musitthing_uuid, museumNo, subNo, term, museumId, museumNoAsNumber, old_schemaname, lokal_pk, new_collection_id)                VALUES ('5867bc90-00bf-4933-ac0c-cebbb3075c31', 'C888_A', 'A'  , 'Øks'        , 99, 888, 'USD_ARK_GJENSTAND_O', 137, 1);
INSERT INTO MUSIT_MAPPING.MUSITTHING (musitthing_uuid, museumNo, subNo, term, museumId, museumNoAsNumber, old_schemaname, lokal_pk, new_collection_id)                VALUES ('d681fd5f-003c-44d8-a107-642e0120af60', 'C888xC', 'C'  , 'Øks'        , 99, 888, 'USD_ARK_GJENSTAND_O', 138, 1);
INSERT INTO MUSIT_MAPPING.MUSITTHING (musitthing_uuid, museumNo, subNo, term, museumId, museumNoAsNumber, old_schemaname, lokal_pk, new_collection_id)                VALUES ('9a49bd77-a484-4ec1-a503-a94721fc6ff5', 'C81%A' , 'A'  , 'Bøtte'      , 99, 81 , 'USD_ARK_GJENSTAND_O', 139, 1);
INSERT INTO MUSIT_MAPPING.MUSITTHING (musitthing_uuid, museumNo, subNo, term, museumId, museumNoAsNumber, old_schemaname, lokal_pk, new_collection_id)                VALUES ('8277dd91-b774-4abb-ac25-5751df74dcde', 'C81%XA', 'B'  , 'Bøtte'      , 99, 81 , 'USD_ARK_GJENSTAND_O', 140, 1);
INSERT INTO MUSIT_MAPPING.MUSITTHING (musitthing_uuid, museumNo, subNo, term, museumId, museumNoAsNumber, old_schemaname, lokal_pk, new_collection_id)                VALUES ('43ef29fa-418b-4611-a1b8-b593d00e8697', 'C81-A' , 'A'  , 'Bøtte'      , 99, 81 , 'USD_ARK_GJENSTAND_O', 141, 1);
INSERT INTO MUSIT_MAPPING.MUSITTHING (musitthing_uuid, museumNo, subNo, term, museumId, museumNoAsNumber, old_schemaname, lokal_pk, new_collection_id)                VALUES ('c7eaa4ec-ca15-4eda-8a38-6f4ff74248b4', 'C81-XA', 'B'  , 'Bøtte'      , 99, 81 , 'USD_ARK_GJENSTAND_O', 142, 1);
INSERT INTO MUSIT_MAPPING.MUSITTHING (musitthing_uuid, museumNo, subNo, term, museumId, museumNoAsNumber, old_schemaname, lokal_pk, new_collection_id)                VALUES ('eceb6c84-a836-4d5a-94d5-64db1c9b633c', 'C81¤A' , 'A'  , 'Bøtte'      , 99, 81 , 'USD_ARK_GJENSTAND_O', 143, 1);
INSERT INTO MUSIT_MAPPING.MUSITTHING (musitthing_uuid, museumNo, subNo, term, museumId, museumNoAsNumber, old_schemaname, lokal_pk, new_collection_id)                VALUES ('63347a80-f42a-4071-bd28-9c88b07e8748', 'C81¤XA', 'B'  , 'Bøtte'      , 99, 81 , 'USD_ARK_GJENSTAND_O', 144, 1);
INSERT INTO MUSIT_MAPPING.MUSITTHING (musitthing_uuid, museumNo, subNo, term, museumId, museumNoAsNumber, old_schemaname, lokal_pk, new_collection_id)                VALUES ('363e342d-6242-45ad-ab07-272a525b84c9', 'F555'  , '55A', 'Gammel mynt', 99, 555, 'USD_NUMISMATIKK'    , 145, 3);
INSERT INTO MUSIT_MAPPING.MUSITTHING (musitthing_uuid, museumNo, subNo, term, museumId, museumNoAsNumber, old_schemaname, lokal_pk, new_collection_id)                VALUES ('d0e542c1-b4fd-4342-996d-f9a240032f16', 'L234'  , ''   , 'Reinlav'    , 99, 234, 'MUSIT_BOTANIKK_LAV' , 146, 4);
INSERT INTO MUSIT_MAPPING.MUSITTHING (musitthing_uuid, museumNo, subNo, term, museumId, museumNoAsNumber, old_schemaname, lokal_pk, new_collection_id, old_barcode)   VALUES ('276fea41-2e11-4251-ae82-fc63425256f1', 'C666'  , '34' , 'Øks'        , 99, 666, 'USD_ARK_GJENSTAND_O', 100, 1, 1111111111);
INSERT INTO MUSIT_MAPPING.MUSITTHING (musitthing_uuid, museumNo, subNo, term, museumId, museumNoAsNumber, old_schemaname, lokal_pk, new_collection_id, mainobject_id) VALUES ('35384d57-6bd5-4164-a815-f7cb1c9a77e0', 'K123'  , ''   , 'Drakt'      , 99, 123, 'USD_ARK_GJENSTAND_O', 147, 1, 12);
INSERT INTO MUSIT_MAPPING.MUSITTHING (musitthing_uuid, museumNo, subNo, term, museumId, museumNoAsNumber, old_schemaname, lokal_pk, new_collection_id, mainobject_id) VALUES ('15d2d78c-bf6c-405f-a7d5-dc629e9785dd', 'K123'  , ''   , 'Skjorte'    , 99, 123, 'USD_ARK_GJENSTAND_O', 148, 1, 12);
INSERT INTO MUSIT_MAPPING.MUSITTHING (musitthing_uuid, museumNo, subNo, term, museumId, museumNoAsNumber, old_schemaname, lokal_pk, new_collection_id, mainobject_id) VALUES ('9a3a12d3-f12c-41b9-94c7-9bbcb2cd7634', 'K123'  , ''   , 'Kjole'      , 99, 123, 'USD_ARK_GJENSTAND_O', 149, 1, 12);
INSERT INTO MUSIT_MAPPING.MUSITTHING (musitthing_uuid, museumNo, subNo, term, museumId, museumNoAsNumber, old_schemaname, lokal_pk, new_collection_id)                VALUES ('6e9bdcff-62df-4510-9f05-2e5c0443f396', 'L234'  , ''   , 'Kartlav'    , 99, 234, 'MUSIT_BOTANIKK_LAV'  , 150, 4);
INSERT INTO MUSIT_MAPPING.MUSITTHING (musitthing_uuid, museumNo, subNo, term, museumId, museumNoAsNumber, old_schemaname, lokal_pk, new_collection_id)                VALUES ('ea863624-c161-4af9-bf37-1131fb018914', 'L234'  , ''   , 'Fokklav'    , 99, 234, 'MUSIT_BOTANIKK_LAV'  , 151, 4);
INSERT INTO MUSIT_MAPPING.MUSITTHING (musitthing_uuid, museumNo, subNo, term, museumId, museumNoAsNumber, old_schemaname, lokal_pk, new_collection_id)                VALUES ('f620d9cf-f777-4ec4-92d2-9d44acec5ead', 'L234'  , ''   , 'Grønnever'  , 99, 234, 'MUSIT_BOTANIKK_LAV'  , 152, 4);
INSERT INTO MUSIT_MAPPING.MUSITTHING (musitthing_uuid, museumNo, subNo, term, museumId, museumNoAsNumber, old_schemaname, lokal_pk, new_collection_id)                VALUES ('01c7bb1b-32bf-4667-a221-f5d9d7f08cee', 'L234'  , ''   , 'Islandslav' , 99, 234, 'MUSIT_BOTANIKK_LAV'  , 153, 4);



INSERT INTO MUSARK_STORAGE.LOCAL_OBJECT (object_uuid, latest_move_id, current_location_id, museum_id, object_type) VALUES ('8ed0730c-43c3-45da-a491-2bf5bb810428', 23, 4, 99,'collection');
INSERT INTO MUSARK_STORAGE.LOCAL_OBJECT (object_uuid, latest_move_id, current_location_id, museum_id, object_type) VALUES ('276fea41-2e11-4251-ae82-fc63425256f1', 23, 4, 99,'collection');
INSERT INTO MUSARK_STORAGE.LOCAL_OBJECT (object_uuid, latest_move_id, current_location_id, museum_id, object_type) VALUES ('7a55dabd-1cb2-4938-b54e-7a7bea62a657', 23, 4, 99,'collection');
INSERT INTO MUSARK_STORAGE.LOCAL_OBJECT (object_uuid, latest_move_id, current_location_id, museum_id, object_type) VALUES ('a7cafc9e-c7d8-4b4c-b4b9-201bac340383', 23, 5, 99,'collection');
INSERT INTO MUSARK_STORAGE.LOCAL_OBJECT (object_uuid, latest_move_id, current_location_id, museum_id, object_type) VALUES ('d83c5048-1692-48c0-98a1-cd45a7e19bad', 23, 5, 99,'collection');
INSERT INTO MUSARK_STORAGE.LOCAL_OBJECT (object_uuid, latest_move_id, current_location_id, museum_id, object_type) VALUES ('745ad2cc-1516-4fb1-86fd-f27f346903f9', 23, 5, 99,'collection');
INSERT INTO MUSARK_STORAGE.LOCAL_OBJECT (object_uuid, latest_move_id, current_location_id, museum_id, object_type) VALUES ('48406a5f-b0a0-4d19-baad-9d1732afb381', 23, 5, 99,'collection');
INSERT INTO MUSARK_STORAGE.LOCAL_OBJECT (object_uuid, latest_move_id, current_location_id, museum_id, object_type) VALUES ('3b206b2c-69b1-4149-8569-2feeda3ccd32', 23, 5, 99,'collection');
INSERT INTO MUSARK_STORAGE.LOCAL_OBJECT (object_uuid, latest_move_id, current_location_id, museum_id, object_type) VALUES ('132a2205-fd8d-4ce9-89fd-31d31eddb88a', 23, 5, 99,'collection');
INSERT INTO MUSARK_STORAGE.LOCAL_OBJECT (object_uuid, latest_move_id, current_location_id, museum_id, object_type) VALUES ('a1d798fa-8539-47bc-a011-26b0a69717bb', 23, 5, 99,'collection');
INSERT INTO MUSARK_STORAGE.LOCAL_OBJECT (object_uuid, latest_move_id, current_location_id, museum_id, object_type) VALUES ('83c9b0d4-5834-4612-87c6-b3cec6572c70', 23, 5, 99,'collection');
INSERT INTO MUSARK_STORAGE.LOCAL_OBJECT (object_uuid, latest_move_id, current_location_id, museum_id, object_type) VALUES ('39683930-6239-4aa6-bb1c-0e9e182d43ed', 23, 6, 99,'collection');
INSERT INTO MUSARK_STORAGE.LOCAL_OBJECT (object_uuid, latest_move_id, current_location_id, museum_id, object_type) VALUES ('4ef4de2d-772a-4509-95df-09f916496623', 23, 6, 99,'collection');
INSERT INTO MUSARK_STORAGE.LOCAL_OBJECT (object_uuid, latest_move_id, current_location_id, museum_id, object_type) VALUES ('3f961e79-74d8-4e77-a8c6-194e2f420f2f', 23, 6, 99,'collection');
INSERT INTO MUSARK_STORAGE.LOCAL_OBJECT (object_uuid, latest_move_id, current_location_id, museum_id, object_type) VALUES ('61757a12-8ead-479d-aa21-effb984c5346', 23, 6, 99,'collection');
INSERT INTO MUSARK_STORAGE.LOCAL_OBJECT (object_uuid, latest_move_id, current_location_id, museum_id, object_type) VALUES ('5d6846cb-27eb-47d9-8310-add8896cfc51', 23, 6, 99,'collection');
INSERT INTO MUSARK_STORAGE.LOCAL_OBJECT (object_uuid, latest_move_id, current_location_id, museum_id, object_type) VALUES ('7cbbb543-a4e2-4a75-99c8-abcb0536e813', 23, 6, 99,'collection');
INSERT INTO MUSARK_STORAGE.LOCAL_OBJECT (object_uuid, latest_move_id, current_location_id, museum_id, object_type) VALUES ('af42bc1f-31cd-4a3d-9c29-8f40ab642b3f', 23, 6, 99,'collection');
INSERT INTO MUSARK_STORAGE.LOCAL_OBJECT (object_uuid, latest_move_id, current_location_id, museum_id, object_type) VALUES ('6ebbab0b-3c7f-4fc2-a626-c475816fc916', 23, 6, 99,'collection');
INSERT INTO MUSARK_STORAGE.LOCAL_OBJECT (object_uuid, latest_move_id, current_location_id, museum_id, object_type) VALUES ('750246f9-2c80-4bbe-8494-5f2835ce45ac', 23, 6, 99,'collection');
INSERT INTO MUSARK_STORAGE.LOCAL_OBJECT (object_uuid, latest_move_id, current_location_id, museum_id, object_type) VALUES ('132df014-e41b-4cc2-acd1-a0b920603298', 23, 6, 99,'collection');
INSERT INTO MUSARK_STORAGE.LOCAL_OBJECT (object_uuid, latest_move_id, current_location_id, museum_id, object_type) VALUES ('e1cd5db7-8e90-4d7c-8689-b952c8308089', 23, 6, 99,'collection');
INSERT INTO MUSARK_STORAGE.LOCAL_OBJECT (object_uuid, latest_move_id, current_location_id, museum_id, object_type) VALUES ('bc3b7a7b-9ca4-4e67-ab0f-1472d6e5e81d', 23, 6, 99,'collection');
INSERT INTO MUSARK_STORAGE.LOCAL_OBJECT (object_uuid, latest_move_id, current_location_id, museum_id, object_type) VALUES ('5769e1a8-0857-44fb-ad32-9db1a5cb8d04', 23, 6, 99,'collection');
INSERT INTO MUSARK_STORAGE.LOCAL_OBJECT (object_uuid, latest_move_id, current_location_id, museum_id, object_type) VALUES ('a495bfc6-1912-4bbc-8b05-bb5e25be9323', 23, 6, 99,'collection');
INSERT INTO MUSARK_STORAGE.LOCAL_OBJECT (object_uuid, latest_move_id, current_location_id, museum_id, object_type) VALUES ('e4446cf8-fca3-4116-9c92-3af0a54c6c6f', 23, 6, 99,'collection');
INSERT INTO MUSARK_STORAGE.LOCAL_OBJECT (object_uuid, latest_move_id, current_location_id, museum_id, object_type) VALUES ('41fb14f4-0d52-4b9f-ae61-1a1bccb0bc3e', 23, 6, 99,'collection');
INSERT INTO MUSARK_STORAGE.LOCAL_OBJECT (object_uuid, latest_move_id, current_location_id, museum_id, object_type) VALUES ('61a3a034-786f-4290-b6dc-badc65249487', 23, 6, 99,'collection');
INSERT INTO MUSARK_STORAGE.LOCAL_OBJECT (object_uuid, latest_move_id, current_location_id, museum_id, object_type) VALUES ('c3e8db7b-860a-44b4-8eb7-83f521352a9e', 23, 6, 99,'collection');
INSERT INTO MUSARK_STORAGE.LOCAL_OBJECT (object_uuid, latest_move_id, current_location_id, museum_id, object_type) VALUES ('934bb3f0-e641-4dc5-81c9-b25ab339a8be', 23, 6, 99,'collection');
INSERT INTO MUSARK_STORAGE.LOCAL_OBJECT (object_uuid, latest_move_id, current_location_id, museum_id, object_type) VALUES ('cd8b820f-4d8a-49a6-a9e7-2327b39ac191', 23, 6, 99,'collection');
INSERT INTO MUSARK_STORAGE.LOCAL_OBJECT (object_uuid, latest_move_id, current_location_id, museum_id, object_type) VALUES ('7a1a0983-765a-448f-9761-df2f9250cc62', 23, 6, 99,'collection');
INSERT INTO MUSARK_STORAGE.LOCAL_OBJECT (object_uuid, latest_move_id, current_location_id, museum_id, object_type) VALUES ('c13becfc-8fd7-4fe8-8d5c-cbd4ee04e122', 23, 6, 99,'collection');
INSERT INTO MUSARK_STORAGE.LOCAL_OBJECT (object_uuid, latest_move_id, current_location_id, museum_id, object_type) VALUES ('25435802-7fae-46ce-b570-ce73818a3363', 23, 6, 99,'collection');
INSERT INTO MUSARK_STORAGE.LOCAL_OBJECT (object_uuid, latest_move_id, current_location_id, museum_id, object_type) VALUES ('8331e21c-1911-48a2-b2ad-7c4c30ffcda4', 23, 6, 99,'collection');
INSERT INTO MUSARK_STORAGE.LOCAL_OBJECT (object_uuid, latest_move_id, current_location_id, museum_id, object_type) VALUES ('c79047d1-7ae2-48c5-a7fa-220baff054e0', 23, 6, 99,'collection');
INSERT INTO MUSARK_STORAGE.LOCAL_OBJECT (object_uuid, latest_move_id, current_location_id, museum_id, object_type) VALUES ('dd1f038d-03a2-44c6-a8ed-31286ff07a1d', 23, 6, 99,'collection');
INSERT INTO MUSARK_STORAGE.LOCAL_OBJECT (object_uuid, latest_move_id, current_location_id, museum_id, object_type) VALUES ('5867bc90-00bf-4933-ac0c-cebbb3075c31', 23, 6, 99,'collection');
INSERT INTO MUSARK_STORAGE.LOCAL_OBJECT (object_uuid, latest_move_id, current_location_id, museum_id, object_type) VALUES ('d681fd5f-003c-44d8-a107-642e0120af60', 23, 6, 99,'collection');
INSERT INTO MUSARK_STORAGE.LOCAL_OBJECT (object_uuid, latest_move_id, current_location_id, museum_id, object_type) VALUES ('9a49bd77-a484-4ec1-a503-a94721fc6ff5', 23, 6, 99,'collection');
INSERT INTO MUSARK_STORAGE.LOCAL_OBJECT (object_uuid, latest_move_id, current_location_id, museum_id, object_type) VALUES ('8277dd91-b774-4abb-ac25-5751df74dcde', 23, 6, 99,'collection');
INSERT INTO MUSARK_STORAGE.LOCAL_OBJECT (object_uuid, latest_move_id, current_location_id, museum_id, object_type) VALUES ('43ef29fa-418b-4611-a1b8-b593d00e8697', 23, 6, 99,'collection');
INSERT INTO MUSARK_STORAGE.LOCAL_OBJECT (object_uuid, latest_move_id, current_location_id, museum_id, object_type) VALUES ('c7eaa4ec-ca15-4eda-8a38-6f4ff74248b4', 23, 6, 99,'collection');
INSERT INTO MUSARK_STORAGE.LOCAL_OBJECT (object_uuid, latest_move_id, current_location_id, museum_id, object_type) VALUES ('eceb6c84-a836-4d5a-94d5-64db1c9b633c', 23, 6, 99,'collection');
INSERT INTO MUSARK_STORAGE.LOCAL_OBJECT (object_uuid, latest_move_id, current_location_id, museum_id, object_type) VALUES ('63347a80-f42a-4071-bd28-9c88b07e8748', 23, 6, 99,'collection');
INSERT INTO MUSARK_STORAGE.LOCAL_OBJECT (object_uuid, latest_move_id, current_location_id, museum_id, object_type) VALUES ('363e342d-6242-45ad-ab07-272a525b84c9', 23, 6, 99,'collection');
INSERT INTO MUSARK_STORAGE.LOCAL_OBJECT (object_uuid, latest_move_id, current_location_id, museum_id, object_type) VALUES ('d0e542c1-b4fd-4342-996d-f9a240032f16', 23, 6, 99,'collection');
INSERT INTO MUSARK_STORAGE.LOCAL_OBJECT (object_uuid, latest_move_id, current_location_id, museum_id, object_type) VALUES ('35384d57-6bd5-4164-a815-f7cb1c9a77e0', 23, 7, 99,'collection');
INSERT INTO MUSARK_STORAGE.LOCAL_OBJECT (object_uuid, latest_move_id, current_location_id, museum_id, object_type) VALUES ('15d2d78c-bf6c-405f-a7d5-dc629e9785dd', 23, 7, 99,'collection');
INSERT INTO MUSARK_STORAGE.LOCAL_OBJECT (object_uuid, latest_move_id, current_location_id, museum_id, object_type) VALUES ('9a3a12d3-f12c-41b9-94c7-9bbcb2cd7634', 23, 7, 99,'collection');
INSERT INTO MUSARK_STORAGE.LOCAL_OBJECT (object_uuid, latest_move_id, current_location_id, museum_id, object_type) VALUES ('6e9bdcff-62df-4510-9f05-2e5c0443f396', 23, 4, 99,'collection');
INSERT INTO MUSARK_STORAGE.LOCAL_OBJECT (object_uuid, latest_move_id, current_location_id, museum_id, object_type) VALUES ('ea863624-c161-4af9-bf37-1131fb018914', 23, 5, 99,'collection');
INSERT INTO MUSARK_STORAGE.LOCAL_OBJECT (object_uuid, latest_move_id, current_location_id, museum_id, object_type) VALUES ('f620d9cf-f777-4ec4-92d2-9d44acec5ead', 23, 5, 99,'collection');
INSERT INTO MUSARK_STORAGE.LOCAL_OBJECT (object_uuid, latest_move_id, current_location_id, museum_id, object_type) VALUES ('01c7bb1b-32bf-4667-a221-f5d9d7f08cee', 23, 5, 99,'collection');
